<cacti>	
	<hash_00002583d76be9e2aa1fcc5dcc4f06874e2023>
		<name>FGT_fgSysMemUsage</name>
		<graph>
			<t_title></t_title>
			<title>|host_description| - fgSysMemUsage</title>
			<t_image_format_id></t_image_format_id>
			<image_format_id>1</image_format_id>
			<t_height></t_height>
			<height>120</height>
			<t_width></t_width>
			<width>500</width>
			<t_slope_mode></t_slope_mode>
			<slope_mode>on</slope_mode>
			<t_auto_scale></t_auto_scale>
			<auto_scale>on</auto_scale>
			<t_auto_scale_opts></t_auto_scale_opts>
			<auto_scale_opts>2</auto_scale_opts>
			<t_auto_scale_log></t_auto_scale_log>
			<auto_scale_log></auto_scale_log>
			<t_scale_log_units></t_scale_log_units>
			<scale_log_units></scale_log_units>
			<t_auto_scale_rigid></t_auto_scale_rigid>
			<auto_scale_rigid></auto_scale_rigid>
			<t_auto_padding></t_auto_padding>
			<auto_padding>on</auto_padding>
			<t_export></t_export>
			<export>on</export>
			<t_upper_limit></t_upper_limit>
			<upper_limit>100</upper_limit>
			<t_lower_limit></t_lower_limit>
			<lower_limit>0</lower_limit>
			<t_base_value></t_base_value>
			<base_value>1000</base_value>
			<t_unit_value></t_unit_value>
			<unit_value></unit_value>
			<t_unit_exponent_value></t_unit_exponent_value>
			<unit_exponent_value></unit_exponent_value>
			<t_vertical_label></t_vertical_label>
			<vertical_label>MEM Usage Percent</vertical_label>
		</graph>
		<items>
			<hash_10002538fd59c9904681d32d0b90d3abb07e25>
				<task_item_id>hash_0800251cc47fc0172fa1f1f9f3a1773ae7825e</task_item_id>
				<color_id>6DC8FE</color_id>
				<alpha>FF</alpha>
				<graph_type_id>7</graph_type_id>
				<consolidation_function_id>1</consolidation_function_id>
				<cdef_id>0</cdef_id>
				<value></value>
				<gprint_id>hash_06002519414480d6897c8731c7dc6c5310653e</gprint_id>
				<text_format>MEM:</text_format>
				<hard_return></hard_return>
				<sequence>1</sequence>
			</hash_10002538fd59c9904681d32d0b90d3abb07e25>
			<hash_100025acb98a36b99d3751873bb5bc8016c5e4>
				<task_item_id>hash_0800251cc47fc0172fa1f1f9f3a1773ae7825e</task_item_id>
				<color_id>0</color_id>
				<alpha>FF</alpha>
				<graph_type_id>9</graph_type_id>
				<consolidation_function_id>4</consolidation_function_id>
				<cdef_id>0</cdef_id>
				<value></value>
				<gprint_id>hash_06002519414480d6897c8731c7dc6c5310653e</gprint_id>
				<text_format>Current:</text_format>
				<hard_return></hard_return>
				<sequence>2</sequence>
			</hash_100025acb98a36b99d3751873bb5bc8016c5e4>
			<hash_100025bc68ebeb431554ca1c03fad778247a25>
				<task_item_id>hash_0800251cc47fc0172fa1f1f9f3a1773ae7825e</task_item_id>
				<color_id>0</color_id>
				<alpha>FF</alpha>
				<graph_type_id>9</graph_type_id>
				<consolidation_function_id>1</consolidation_function_id>
				<cdef_id>0</cdef_id>
				<value></value>
				<gprint_id>hash_06002519414480d6897c8731c7dc6c5310653e</gprint_id>
				<text_format>Average:</text_format>
				<hard_return></hard_return>
				<sequence>3</sequence>
			</hash_100025bc68ebeb431554ca1c03fad778247a25>
			<hash_1000251c393b3338e6f845c83daa50106b659e>
				<task_item_id>hash_0800251cc47fc0172fa1f1f9f3a1773ae7825e</task_item_id>
				<color_id>0</color_id>
				<alpha>FF</alpha>
				<graph_type_id>9</graph_type_id>
				<consolidation_function_id>2</consolidation_function_id>
				<cdef_id>0</cdef_id>
				<value></value>
				<gprint_id>hash_06002519414480d6897c8731c7dc6c5310653e</gprint_id>
				<text_format>Minimum:</text_format>
				<hard_return></hard_return>
				<sequence>4</sequence>
			</hash_1000251c393b3338e6f845c83daa50106b659e>
			<hash_100025e9e91002a8a2a1fbe76135ab4c98f34e>
				<task_item_id>hash_0800251cc47fc0172fa1f1f9f3a1773ae7825e</task_item_id>
				<color_id>0</color_id>
				<alpha>FF</alpha>
				<graph_type_id>9</graph_type_id>
				<consolidation_function_id>3</consolidation_function_id>
				<cdef_id>0</cdef_id>
				<value></value>
				<gprint_id>hash_06002519414480d6897c8731c7dc6c5310653e</gprint_id>
				<text_format>Maximum:</text_format>
				<hard_return>on</hard_return>
				<sequence>5</sequence>
			</hash_100025e9e91002a8a2a1fbe76135ab4c98f34e>
		</items>
		<inputs>
			<hash_090025b7b0f1106fec813364b906fcdfa1ac94>
				<name>Data Source [fgSysMemUsage]</name>
				<description></description>
				<column_name>task_item_id</column_name>
				<items>hash_00002538fd59c9904681d32d0b90d3abb07e25|hash_000025acb98a36b99d3751873bb5bc8016c5e4|hash_000025bc68ebeb431554ca1c03fad778247a25|hash_0000251c393b3338e6f845c83daa50106b659e|hash_000025e9e91002a8a2a1fbe76135ab4c98f34e</items>
			</hash_090025b7b0f1106fec813364b906fcdfa1ac94>
		</inputs>
	</hash_00002583d76be9e2aa1fcc5dcc4f06874e2023>
	<hash_010025e42f00ffe64d9384562a5b2a0171284b>
		<name>fgSysMemUsage</name>
		<ds>
			<t_name></t_name>
			<name>fgSysMemUsage</name>
			<data_input_id>hash_0300253eb92bb845b9660a7445cf9740726522</data_input_id>
			<t_rra_id></t_rra_id>
			<t_rrd_step></t_rrd_step>
			<rrd_step>60</rrd_step>
			<t_active></t_active>
			<active>on</active>
			<rra_items>hash_150025c21df5178e5c955013591239eb0afd46|hash_1500250d9c0af8b8acdc7807943937b3208e29|hash_1500256fc2d038fb42950138b0ce3e9874cc60|hash_150025e36f3adb9f152adfa5dc50fd2b23337e|hash_150025283ea2bf1634d92ce081ec82a634f513</rra_items>
		</ds>
		<items>
			<hash_0800251cc47fc0172fa1f1f9f3a1773ae7825e>
				<t_data_source_name></t_data_source_name>
				<data_source_name>fgSysMemUsage</data_source_name>
				<t_rrd_minimum></t_rrd_minimum>
				<rrd_minimum>0</rrd_minimum>
				<t_rrd_maximum></t_rrd_maximum>
				<rrd_maximum>0</rrd_maximum>
				<t_data_source_type_id></t_data_source_type_id>
				<data_source_type_id>1</data_source_type_id>
				<t_rrd_heartbeat></t_rrd_heartbeat>
				<rrd_heartbeat>120</rrd_heartbeat>
				<t_data_input_field_id></t_data_input_field_id>
				<data_input_field_id>0</data_input_field_id>
			</hash_0800251cc47fc0172fa1f1f9f3a1773ae7825e>
		</items>
		<data>
			<item_000>
				<data_input_field_id>hash_070025feda162701240101bc74148415ef415a</data_input_field_id>
				<t_value></t_value>
				<value></value>
			</item_000>
			<item_001>
				<data_input_field_id>hash_070025c60c9aac1e1b3555ea0620b8bbfd82cb</data_input_field_id>
				<t_value></t_value>
				<value></value>
			</item_001>
			<item_002>
				<data_input_field_id>hash_07002520832ce12f099c8e54140793a091af90</data_input_field_id>
				<t_value></t_value>
				<value></value>
			</item_002>
			<item_003>
				<data_input_field_id>hash_070025fc64b99742ec417cc424dbf8c7692d36</data_input_field_id>
				<t_value></t_value>
				<value></value>
			</item_003>
			<item_004>
				<data_input_field_id>hash_0700254276a5ec6e3fe33995129041b1909762</data_input_field_id>
				<t_value></t_value>
				<value>.1.3.6.1.4.1.12356.101.4.1.4.0</value>
			</item_004>
			<item_005>
				<data_input_field_id>hash_070025012ccb1d3687d3edb29c002ea66e72da</data_input_field_id>
				<t_value></t_value>
				<value></value>
			</item_005>
			<item_006>
				<data_input_field_id>hash_0700259c55a74bd571b4f00a96fd4b793278c6</data_input_field_id>
				<t_value></t_value>
				<value></value>
			</item_006>
			<item_007>
				<data_input_field_id>hash_070025ad14ac90641aed388139f6ba86a2e48b</data_input_field_id>
				<t_value></t_value>
				<value></value>
			</item_007>
			<item_008>
				<data_input_field_id>hash_07002532285d5bf16e56c478f5e83f32cda9ef</data_input_field_id>
				<t_value></t_value>
				<value></value>
			</item_008>
			<item_009>
				<data_input_field_id>hash_07002592f5906c8dc0f964b41f4253df582c38</data_input_field_id>
				<t_value></t_value>
				<value></value>
			</item_009>
		</data>
	</hash_010025e42f00ffe64d9384562a5b2a0171284b>
	<hash_0300253eb92bb845b9660a7445cf9740726522>
		<name>Get SNMP Data</name>
		<type_id>2</type_id>
		<input_string></input_string>
		<fields>
			<hash_07002592f5906c8dc0f964b41f4253df582c38>
				<name>SNMP IP Address</name>
				<update_rra></update_rra>
				<regexp_match></regexp_match>
				<allow_nulls></allow_nulls>
				<type_code>hostname</type_code>
				<input_output>in</input_output>
				<data_name>management_ip</data_name>
			</hash_07002592f5906c8dc0f964b41f4253df582c38>
			<hash_07002532285d5bf16e56c478f5e83f32cda9ef>
				<name>SNMP Community</name>
				<update_rra></update_rra>
				<regexp_match></regexp_match>
				<allow_nulls></allow_nulls>
				<type_code>snmp_community</type_code>
				<input_output>in</input_output>
				<data_name>snmp_community</data_name>
			</hash_07002532285d5bf16e56c478f5e83f32cda9ef>
			<hash_070025ad14ac90641aed388139f6ba86a2e48b>
				<name>SNMP Username</name>
				<update_rra></update_rra>
				<regexp_match></regexp_match>
				<allow_nulls>on</allow_nulls>
				<type_code>snmp_username</type_code>
				<input_output>in</input_output>
				<data_name>snmp_username</data_name>
			</hash_070025ad14ac90641aed388139f6ba86a2e48b>
			<hash_0700259c55a74bd571b4f00a96fd4b793278c6>
				<name>SNMP Password</name>
				<update_rra></update_rra>
				<regexp_match></regexp_match>
				<allow_nulls>on</allow_nulls>
				<type_code>snmp_password</type_code>
				<input_output>in</input_output>
				<data_name>snmp_password</data_name>
			</hash_0700259c55a74bd571b4f00a96fd4b793278c6>
			<hash_070025012ccb1d3687d3edb29c002ea66e72da>
				<name>SNMP Version (1, 2, or 3)</name>
				<update_rra></update_rra>
				<regexp_match></regexp_match>
				<allow_nulls>on</allow_nulls>
				<type_code>snmp_version</type_code>
				<input_output>in</input_output>
				<data_name>snmp_version</data_name>
			</hash_070025012ccb1d3687d3edb29c002ea66e72da>
			<hash_0700254276a5ec6e3fe33995129041b1909762>
				<name>OID</name>
				<update_rra></update_rra>
				<regexp_match></regexp_match>
				<allow_nulls></allow_nulls>
				<type_code>snmp_oid</type_code>
				<input_output>in</input_output>
				<data_name>oid</data_name>
			</hash_0700254276a5ec6e3fe33995129041b1909762>
			<hash_070025fc64b99742ec417cc424dbf8c7692d36>
				<name>SNMP Port</name>
				<update_rra></update_rra>
				<regexp_match></regexp_match>
				<allow_nulls></allow_nulls>
				<type_code>snmp_port</type_code>
				<input_output>in</input_output>
				<data_name>snmp_port</data_name>
			</hash_070025fc64b99742ec417cc424dbf8c7692d36>
			<hash_07002520832ce12f099c8e54140793a091af90>
				<name>SNMP Authenticaion Protocol (v3)</name>
				<update_rra></update_rra>
				<regexp_match></regexp_match>
				<allow_nulls></allow_nulls>
				<type_code>snmp_auth_protocol</type_code>
				<input_output>in</input_output>
				<data_name>snmp_auth_protocol</data_name>
			</hash_07002520832ce12f099c8e54140793a091af90>
			<hash_070025c60c9aac1e1b3555ea0620b8bbfd82cb>
				<name>SNMP Privacy Passphrase (v3)</name>
				<update_rra></update_rra>
				<regexp_match></regexp_match>
				<allow_nulls></allow_nulls>
				<type_code>snmp_priv_passphrase</type_code>
				<input_output>in</input_output>
				<data_name>snmp_priv_passphrase</data_name>
			</hash_070025c60c9aac1e1b3555ea0620b8bbfd82cb>
			<hash_070025feda162701240101bc74148415ef415a>
				<name>SNMP Privacy Protocol (v3)</name>
				<update_rra></update_rra>
				<regexp_match></regexp_match>
				<allow_nulls></allow_nulls>
				<type_code>snmp_priv_protocol</type_code>
				<input_output>in</input_output>
				<data_name>snmp_priv_protocol</data_name>
			</hash_070025feda162701240101bc74148415ef415a>
		</fields>
	</hash_0300253eb92bb845b9660a7445cf9740726522>
	<hash_150025c21df5178e5c955013591239eb0afd46>
		<name>Daily (5 Minute Average)</name>
		<x_files_factor>0.5</x_files_factor>
		<steps>1</steps>
		<rows>600</rows>
		<timespan>86400</timespan>
		<cf_items>1|3</cf_items>
	</hash_150025c21df5178e5c955013591239eb0afd46>
	<hash_1500250d9c0af8b8acdc7807943937b3208e29>
		<name>Weekly (30 Minute Average)</name>
		<x_files_factor>0.5</x_files_factor>
		<steps>6</steps>
		<rows>700</rows>
		<timespan>604800</timespan>
		<cf_items>1|3</cf_items>
	</hash_1500250d9c0af8b8acdc7807943937b3208e29>
	<hash_1500256fc2d038fb42950138b0ce3e9874cc60>
		<name>Monthly (2 Hour Average)</name>
		<x_files_factor>0.5</x_files_factor>
		<steps>24</steps>
		<rows>775</rows>
		<timespan>2678400</timespan>
		<cf_items>1|3</cf_items>
	</hash_1500256fc2d038fb42950138b0ce3e9874cc60>
	<hash_150025e36f3adb9f152adfa5dc50fd2b23337e>
		<name>Yearly (1 Day Average)</name>
		<x_files_factor>0.5</x_files_factor>
		<steps>288</steps>
		<rows>797</rows>
		<timespan>33053184</timespan>
		<cf_items>1|3</cf_items>
	</hash_150025e36f3adb9f152adfa5dc50fd2b23337e>
	<hash_150025283ea2bf1634d92ce081ec82a634f513>
		<name>Hourly (1 Minute Average)</name>
		<x_files_factor>0.5</x_files_factor>
		<steps>1</steps>
		<rows>500</rows>
		<timespan>14400</timespan>
		<cf_items>1|3</cf_items>
	</hash_150025283ea2bf1634d92ce081ec82a634f513>
	<hash_06002519414480d6897c8731c7dc6c5310653e>
		<name>Exact Numbers</name>
		<gprint_text>%8.0lf</gprint_text>
	</hash_06002519414480d6897c8731c7dc6c5310653e>
</cacti>